{"cameraMode":{"drawMode":0,"name":"Shaded","section":"Shading Mode"},"sceneLighting":true,"audioPlay":false,"sceneViewState":{"showFog":true,"showMaterialUpdate":false,"showSkybox":true,"showFlares":true,"showImageEffects":true,"showParticleSystems":true},"in2DMode":false,"pivot":{"x":-3.390000104904175,"y":41.119998931884769,"z":4.03000020980835},"rotation":{"x":0.16944503784179688,"y":-0.06821885704994202,"z":0.01188675221055746,"w":0.9831320643424988},"size":22.0,"orthographic":false}